Datum	Weekdag	Schema	Wedstrijden	Wedstrijdduur	Singles	Doubles	Mix	Team 1	Team 2
06-09-2026	zondag	Jongens 13 t/m 17 jaar Zondag – 1e klasse  – Afdeling 12	6	90	4	2	0	DEMO TV 1	GEMERT 3
06-09-2026	zondag	Meisjes 13 t/m 17 jaar Zondag – 1e klasse – Afdeling 2	6	90	4	2	0	DEMO TV 2	DEMO TV 3
06-09-2026	zondag	Junioren 11 t/m 14 jaar Zondag – 3e klasse – Afdeling 22	6	45	4	2	0	DEMO TV 4	VENLO 6
06-09-2026	zondag	Groen Zondag – Groen 1  – Afdeling 36	6	45	4	2	0	DEMO TV 1	LIESSEL 1
06-09-2026	zondag	Junioren 11 t/m 14 jaar Zondag – 1e klasse  – Afdeling 5	6	45	4	2	0	DEMO TV 1	WEERT-OOST 1
06-09-2026	zondag	Jongens 13 t/m 17 jaar Zondag – 3e klasse  – Afdeling 6	6	90	4	2	0	DEMO TV 5	WETTENSEIND 2
13-09-2026	zondag	Gemengd Zondag – 1e klasse (2DE-2HE-DD-HD-2GD) – Afdeling 1	8	90	4	2	2	DEMO TV 1	BLADEL 1
13-09-2026	zondag	Jongens 13 t/m 17 jaar Zondag – 2e klasse  – Afdeling 10	6	90	4	2	0	DEMO TV 4	TOPSPIN-BOXMEER 1
13-09-2026	zondag	Meisjes 13 t/m 17 jaar Zondag – Hoofdklasse – Afdeling 2	6	90	4	2	0	DEMO TV 1	BLEISWIJK 1
13-09-2026	zondag	Meisjes 13 t/m 17 jaar Zondag – 3e klasse – Afdeling 2	6	90	4	2	0	DEMO TV 4	BOSHOVEN 1
13-09-2026	zondag	Meisjes 13 t/m 17 jaar Zondag – 1e klasse – Afdeling 2	6	90	4	2	0	DEMO TV 3	UBACH O WORMS 1
20-09-2026	zondag	Jongens 13 t/m 17 jaar Zondag – 2e klasse  – Afdeling 10	6	90	4	2	0	DEMO TV 4	CAROLUS 1
20-09-2026	zondag	Jongens 13 t/m 17 jaar Zondag – 1e klasse  – Afdeling 12	6	90	4	2	0	DEMO TV 1	WOLFSBOSCH 2
20-09-2026	zondag	Gemengd Zondag – 4e klasse (DE-HE-GD-DD-HD) – Afdeling 2	5	90	2	2	1	DEMO TV 3	BOEKEL 2
20-09-2026	zondag	Meisjes 13 t/m 17 jaar Zondag – 1e klasse – Afdeling 2	6	90	4	2	0	DEMO TV 2	SITTARDSE LTC 1
20-09-2026	zondag	Meisjes 13 t/m 17 jaar Zondag – 3e klasse – Afdeling 2	6	90	4	2	0	DEMO TV 4	BAEXEM 1
20-09-2026	zondag	Junioren 11 t/m 14 jaar Zondag – 3e klasse – Afdeling 22	6	45	4	2	0	DEMO TV 4	MEIJEL 1
27-09-2026	zondag	Gemengd Zondag – 1e klasse (2DE-2HE-DD-HD-2GD) – Afdeling 1	8	90	4	2	2	DEMO TV 1	DE HELSTER 1
27-09-2026	zondag	Jongens 13 t/m 17 jaar Zondag – 2e klasse  – Afdeling 10	6	90	4	2	0	DEMO TV 4	RODHE 2
27-09-2026	zondag	Meisjes 13 t/m 17 jaar Zondag – Hoofdklasse – Afdeling 2	6	90	4	2	0	DEMO TV 1	BERLICUM 1
27-09-2026	zondag	Gemengd Zondag – 4e klasse (DE-HE-GD-DD-HD) – Afdeling 2	5	90	2	2	1	DEMO TV 3	UDEN 2
27-09-2026	zondag	Meisjes 13 t/m 17 jaar Zondag – 3e klasse – Afdeling 2	6	90	4	2	0	DEMO TV 4	WIMBLEDONCK 1
27-09-2026	zondag	Gemengd Zondag – 5e klasse (DE-HE-GD-DD-HD) – Afdeling 7	5	90	2	2	1	DEMO TV 4	SLOW 6
04-10-2026	zondag	Jongens 13 t/m 17 jaar Zondag – 1e klasse  – Afdeling 12	6	90	4	2	0	DEMO TV 1	BASTION BASELAAR 2
04-10-2026	zondag	Gemengd Zondag – 4e klasse (DE-HE-GD-DD-HD) – Afdeling 2	5	90	2	2	1	DEMO TV 3	GTR 1
04-10-2026	zondag	Meisjes 13 t/m 17 jaar Zondag – 1e klasse – Afdeling 2	6	90	4	2	0	DEMO TV 2	BOKT 1
04-10-2026	zondag	Junioren 11 t/m 14 jaar Zondag – 3e klasse – Afdeling 22	6	45	4	2	0	DEMO TV 4	`T ROOT 2
04-10-2026	zondag	Groen Zondag – Groen 1  – Afdeling 36	6	45	4	2	0	DEMO TV 1	RODHE 1
04-10-2026	zondag	Groen Zondag – Groen 1  – Afdeling 38	6	45	4	2	0	DEMO TV 2	ELTV 1
11-10-2026	zondag	Gemengd Zondag – 1e klasse (2DE-2HE-DD-HD-2GD) – Afdeling 1	8	90	4	2	2	DEMO TV 1	RULEC 1
11-10-2026	zondag	Heren Zondag – 4e klasse – Afdeling 4	6	90	4	2	0	DEMO TV 1	UDEN 1
11-10-2026	zondag	Gemengd Zondag – 3e klasse (DE-HE-GD-DD-HD) – Afdeling 4	5	90	2	2	1	DEMO TV 2	BOEKEL 1
